{"stats":{"minecraft:crafted":{"minecraft:black_shulker_box":1},"minecraft:killed":{"minecraft:zombie":5,"minecraft:husk":3,"minecraft:bogged":1,"minecraft:creeper":8,"minecraft:chicken":2,"minecraft:enderman":3,"minecraft:drowned":1},"minecraft:used":{"minecraft:painting":67,"minecraft:netherite_block":6,"minecraft:yellow_shulker_box":2,"minecraft:repeater":1485,"minecraft:skeleton_skull":1,"minecraft:magenta_concrete":1,"minecraft:cherry_fence_gate":1,"minecraft:yellow_stained_glass_pane":13,"minecraft:mud":2596,"minecraft:shulker_box":9,"minecraft:black_banner":1,"minecraft:cherry_planks":1,"minecraft:red_shulker_box":2,"minecraft:sticky_piston":21,"minecraft:bamboo_button":14,"minecraft:reinforced_deepslate":2,"minecraft:light_gray_concrete":162,"minecraft:oak_sign":17,"minecraft:black_concrete_powder":212,"minecraft:light_weighted_pressure_plate":18,"minecraft:lantern":3,"minecraft:black_terracotta":5,"minecraft:pink_concrete":1,"minecraft:skeleton_spawn_egg":12,"minecraft:light_gray_carpet":122,"minecraft:bogged_spawn_egg":1,"minecraft:wither_skeleton_spawn_egg":1,"minecraft:polished_tuff_stairs":82,"minecraft:polished_blackstone_slab":5,"minecraft:crimson_sign":2,"minecraft:blue_concrete":122,"minecraft:light_gray_concrete_powder":4,"minecraft:blue_shulker_box":2,"minecraft:sea_lantern":10,"minecraft:spruce_slab":33,"minecraft:polished_deepslate_slab":3,"minecraft:gray_carpet":10,"minecraft:barrier":356,"minecraft:tinted_glass":23,"minecraft:smooth_quartz":266,"minecraft:cherry_slab":7,"minecraft:white_carpet":16,"minecraft:blackstone":299,"minecraft:snowball":1540,"minecraft:candle":7,"minecraft:bow":8,"minecraft:armor_stand":1,"minecraft:blue_terracotta":3,"minecraft:cherry_button":12,"minecraft:red_nether_brick_slab":9,"minecraft:deepslate_brick_slab":10,"minecraft:crimson_button":4,"minecraft:light_gray_banner":1,"minecraft:item_frame":582,"minecraft:white_shulker_box":2,"minecraft:yellow_dye":6,"minecraft:orange_dye":2,"minecraft:anvil":17,"minecraft:white_stained_glass_pane":176,"minecraft:light_gray_shulker_box":1,"minecraft:red_nether_bricks":534,"minecraft:dirt":4,"minecraft:purple_shulker_box":8,"minecraft:dark_oak_sign":11,"minecraft:stripped_bamboo_block":1,"minecraft:redstone_block":1062,"minecraft:spruce_planks":97,"minecraft:light":79,"minecraft:dispenser":15,"minecraft:glow_ink_sac":53,"minecraft:basalt":5,"minecraft:polished_basalt":25,"minecraft:muddy_mangrove_roots":1,"minecraft:nether_brick_fence":10,"minecraft:light_blue_concrete":196,"minecraft:spyglass":108,"minecraft:deepslate_tiles":61,"minecraft:nether_brick_slab":38,"minecraft:oak_planks":1,"minecraft:lime_shulker_box":2,"minecraft:purple_wool":268,"minecraft:flower_pot":2,"minecraft:dropper":12,"minecraft:quartz_stairs":54,"minecraft:smooth_stone_slab":6,"minecraft:iron_door":5,"minecraft:red_glazed_terracotta":30,"minecraft:orange_shulker_box":3,"minecraft:grass_block":322,"minecraft:nether_bricks":4,"minecraft:white_terracotta":512,"minecraft:polished_deepslate_wall":16,"minecraft:pink_shulker_box":2,"minecraft:observer":70,"minecraft:honeycomb":56,"minecraft:netherite_sword":75,"minecraft:chain_command_block":29,"minecraft:polished_blackstone_stairs":28,"minecraft:mangrove_sign":62,"minecraft:polished_deepslate":180,"minecraft:red_concrete":218,"minecraft:orange_concrete":2,"minecraft:creeper_spawn_egg":903,"minecraft:waxed_copper_block":1,"minecraft:birch_button":1,"minecraft:milk_bucket":1,"minecraft:deepslate_bricks":4847,"minecraft:light_gray_terracotta":11,"minecraft:husk_spawn_egg":19,"minecraft:yellow_stained_glass":34,"minecraft:shroomlight":1,"minecraft:bamboo_sign":1,"minecraft:command_block":1826,"minecraft:polished_tuff_wall":7,"minecraft:polished_blackstone_brick_slab":5,"minecraft:piston":23,"minecraft:orange_stained_glass":5,"minecraft:pearlescent_froglight":36,"minecraft:quartz_slab":72,"minecraft:polished_deepslate_stairs":37,"minecraft:redstone":3968,"minecraft:white_stained_glass":36,"minecraft:map":2,"minecraft:hopper":40,"minecraft:polished_andesite":2,"minecraft:cherry_stairs":20,"minecraft:crafting_table":1,"minecraft:red_dye":38,"minecraft:target":18,"minecraft:potion":3,"minecraft:light_gray_stained_glass":188,"minecraft:lime_dye":4,"minecraft:gray_shulker_box":6,"minecraft:white_bed":1,"minecraft:gold_block":92,"minecraft:polished_blackstone_wall":6,"minecraft:glow_item_frame":8,"minecraft:magenta_stained_glass":31,"minecraft:brown_terracotta":146,"minecraft:light_blue_dye":1,"minecraft:birch_stairs":1,"minecraft:smooth_quartz_slab":188,"minecraft:black_concrete":3082,"minecraft:repeating_command_block":61,"minecraft:green_dye":2,"minecraft:purple_concrete":85,"minecraft:polished_blackstone_button":22,"minecraft:drowned_spawn_egg":5,"minecraft:smooth_basalt":7,"minecraft:deepslate_brick_wall":22,"minecraft:black_stained_glass_pane":17,"minecraft:green_concrete":1,"minecraft:gray_concrete":59,"minecraft:barrel":9,"minecraft:yellow_concrete":736,"minecraft:red_wool":52,"minecraft:lever":46,"minecraft:white_concrete":1736,"minecraft:yellow_terracotta":435,"minecraft:chicken_spawn_egg":2,"minecraft:polished_blackstone_bricks":36,"minecraft:stone_button":73,"minecraft:cobweb":5,"minecraft:debug_stick":27,"minecraft:cake":2,"minecraft:nether_brick_stairs":13,"minecraft:enderman_spawn_egg":3,"minecraft:red_terracotta":29,"minecraft:cyan_terracotta":130,"minecraft:mangrove_button":2,"minecraft:comparator":67,"minecraft:redstone_lamp":51,"minecraft:smooth_quartz_stairs":167,"minecraft:redstone_torch":64,"minecraft:yellow_concrete_powder":6,"minecraft:flint_and_steel":2,"minecraft:dark_oak_trapdoor":2,"minecraft:chest":4,"minecraft:lime_concrete":66,"minecraft:polished_andesite_stairs":8,"minecraft:zombie_spawn_egg":6,"minecraft:heavy_weighted_pressure_plate":7,"minecraft:brown_concrete":1,"minecraft:black_shulker_box":6},"minecraft:picked_up":{"minecraft:name_tag":1,"minecraft:gray_carpet":2,"minecraft:light_weighted_pressure_plate":1,"minecraft:light_gray_carpet":36,"minecraft:white_stained_glass_pane":1,"minecraft:stone_button":11,"minecraft:lever":4,"minecraft:black_concrete":1,"minecraft:clock":1,"minecraft:black_dye":1,"minecraft:lime_shulker_box":2,"minecraft:redstone":47,"minecraft:crimson_button":1,"minecraft:red_shulker_box":3,"minecraft:redstone_block":1,"minecraft:chain_command_block":1,"minecraft:white_shulker_box":4,"minecraft:creeper_spawn_egg":1,"minecraft:mangrove_sign":2,"minecraft:pink_shulker_box":2,"minecraft:black_shulker_box":1,"minecraft:redstone_torch":1,"minecraft:painting":3,"minecraft:yellow_shulker_box":2,"minecraft:repeater":34,"minecraft:red_glazed_terracotta":1,"minecraft:orange_shulker_box":3,"minecraft:item_frame":10,"minecraft:rotten_flesh":2,"minecraft:shulker_box":15,"minecraft:wooden_shovel":28,"minecraft:polished_blackstone_button":10,"minecraft:deepslate_bricks":2,"minecraft:purple_shulker_box":8,"minecraft:filled_map":8,"minecraft:blue_shulker_box":4,"minecraft:comparator":2},"minecraft:dropped":{"minecraft:redstone_block":5,"minecraft:observer":1,"minecraft:black_concrete_powder":1,"minecraft:redstone":1,"minecraft:repeater":1,"minecraft:black_dye":1,"minecraft:wooden_shovel":14,"minecraft:bamboo_button":1,"minecraft:command_block":1,"minecraft:comparator":3,"minecraft:black_concrete":3,"minecraft:white_concrete":1,"minecraft:red_glazed_terracotta":1,"minecraft:deepslate_bricks":7,"minecraft:white_shulker_box":1,"minecraft:nether_bricks":1,"minecraft:creeper_spawn_egg":1},"minecraft:custom":{"minecraft:eat_cake_slice":1,"minecraft:time_since_rest":37651,"minecraft:leave_game":40,"minecraft:damage_taken":310,"minecraft:mob_kills":38,"minecraft:open_shulker_box":24,"minecraft:time_since_death":37535,"minecraft:inspect_dispenser":292,"minecraft:total_world_time":4924870,"minecraft:crouch_one_cm":13678,"minecraft:pot_flower":9,"minecraft:deaths":87,"minecraft:damage_dealt_resisted":600,"minecraft:interact_with_crafting_table":2,"minecraft:inspect_dropper":276,"minecraft:walk_one_cm":1922289,"minecraft:damage_dealt":4618,"minecraft:play_time":4395554,"minecraft:jump":12118,"minecraft:drop":44,"minecraft:target_hit":1220,"minecraft:open_barrel":48,"minecraft:sprint_one_cm":814548,"minecraft:open_chest":40,"minecraft:inspect_hopper":47,"minecraft:fall_one_cm":6342,"minecraft:fly_one_cm":19904394,"minecraft:interact_with_anvil":45,"minecraft:sneak_time":123112}},"DataVersion":4440}