{"stats":{"minecraft:killed_by":{"minecraft:zombie":1},"minecraft:custom":{"minecraft:eat_cake_slice":14,"minecraft:time_since_rest":18877,"minecraft:talked_to_villager":39,"minecraft:leave_game":75,"minecraft:damage_taken":2223,"minecraft:mob_kills":61,"minecraft:open_shulker_box":51,"minecraft:time_since_death":18847,"minecraft:inspect_dispenser":246,"minecraft:total_world_time":6893013,"minecraft:crouch_one_cm":26208,"minecraft:pot_flower":6,"minecraft:deaths":125,"minecraft:interact_with_loom":2,"minecraft:damage_dealt_resisted":1846,"minecraft:interact_with_crafting_table":1,"minecraft:inspect_dropper":262,"minecraft:walk_one_cm":3628009,"minecraft:damage_dealt":6119,"minecraft:play_time":6160542,"minecraft:jump":30195,"minecraft:play_record":1,"minecraft:drop":15,"minecraft:interact_with_cartography_table":1,"minecraft:bell_ring":2,"minecraft:open_barrel":42,"minecraft:sprint_one_cm":3010505,"minecraft:inspect_hopper":6,"minecraft:fall_one_cm":29143,"minecraft:tune_noteblock":530,"minecraft:fly_one_cm":29769514,"minecraft:interact_with_anvil":32,"minecraft:sneak_time":208370,"minecraft:interact_with_blast_furnace":13},"minecraft:used":{"minecraft:polished_tuff":405,"minecraft:waxed_oxidized_copper_bulb":3,"minecraft:netherite_block":33,"minecraft:skeleton_skull":3,"minecraft:magenta_concrete":141,"minecraft:stripped_mangrove_wood":16,"minecraft:light_gray_dye":5,"minecraft:weathered_copper":3,"minecraft:clay":4,"minecraft:cartography_table":1,"minecraft:white_banner":32,"minecraft:mud":4531,"minecraft:polished_tuff_slab":56,"minecraft:vault":3,"minecraft:shulker_box":3,"minecraft:red_shulker_box":4,"minecraft:bamboo_button":51,"minecraft:glass":575,"minecraft:black_terracotta":240,"minecraft:polished_blackstone":1,"minecraft:decorated_pot":2,"minecraft:deepslate_tile_slab":6,"minecraft:exposed_copper":6,"minecraft:birch_fence":6,"minecraft:waxed_exposed_copper_bulb":4,"minecraft:light_gray_carpet":4,"minecraft:polished_tuff_stairs":12,"minecraft:creaking_spawn_egg":4,"minecraft:blue_concrete":152,"minecraft:sea_lantern":9,"minecraft:spruce_slab":297,"minecraft:polished_deepslate_slab":4,"minecraft:gray_carpet":19,"minecraft:barrier":694,"minecraft:villager_spawn_egg":3,"minecraft:white_carpet":199,"minecraft:armor_stand":6,"minecraft:blue_terracotta":8,"minecraft:lime_stained_glass":24,"minecraft:loom":1,"minecraft:polished_diorite":19,"minecraft:magenta_glazed_terracotta":24,"minecraft:green_shulker_box":3,"minecraft:red_stained_glass":14,"minecraft:warped_fence":17,"minecraft:crimson_button":1,"minecraft:dragon_head":9,"minecraft:blackstone_slab":12,"minecraft:calibrated_sculk_sensor":1,"minecraft:conduit":1,"minecraft:magenta_shulker_box":2,"minecraft:orange_dye":4,"minecraft:anvil":18,"minecraft:birch_fence_gate":2,"minecraft:white_stained_glass_pane":656,"minecraft:light_gray_shulker_box":1,"minecraft:red_nether_bricks":184,"minecraft:pink_terracotta":47,"minecraft:sand":43,"minecraft:redstone_block":953,"minecraft:glow_ink_sac":88,"minecraft:gray_wool":101,"minecraft:brown_glazed_terracotta":4,"minecraft:light_blue_concrete":350,"minecraft:blue_carpet":12,"minecraft:flower_pot":3,"minecraft:smooth_stone_slab":36,"minecraft:iron_door":10,"minecraft:grass_block":2,"minecraft:nether_bricks":66,"minecraft:honeycomb":99,"minecraft:chain_command_block":82,"minecraft:polished_deepslate":372,"minecraft:orange_concrete":77,"minecraft:acacia_sign":6,"minecraft:firework_rocket":10,"minecraft:sculk_shrieker":1,"minecraft:verdant_froglight":37,"minecraft:deepslate_bricks":6699,"minecraft:light_gray_terracotta":135,"minecraft:shroomlight":1,"minecraft:ochre_froglight":8,"minecraft:stone_bricks":4,"minecraft:light_gray_wool":220,"minecraft:resin_bricks":53,"minecraft:gray_dye":3,"minecraft:light_blue_wool":50,"minecraft:magenta_wool":152,"minecraft:redstone":5260,"minecraft:white_stained_glass":10,"minecraft:zombie_head":9,"minecraft:map":1,"minecraft:cobblestone":67,"minecraft:yellow_glazed_terracotta":2,"minecraft:chain":8,"minecraft:crafting_table":1,"minecraft:spruce_sign":5,"minecraft:red_dye":60,"minecraft:target":7,"minecraft:cyan_concrete":25,"minecraft:gray_shulker_box":1,"minecraft:bone_block":28,"minecraft:piglin_head":8,"minecraft:waxed_oxidized_chiseled_copper":2,"minecraft:black_concrete":4032,"minecraft:sniffer_egg":1,"minecraft:soul_sand":4,"minecraft:deepslate_tile_wall":12,"minecraft:purple_concrete":38,"minecraft:polished_blackstone_button":34,"minecraft:green_terracotta":16,"minecraft:gray_concrete":52,"minecraft:torch":14,"minecraft:red_wool":314,"minecraft:yellow_terracotta":996,"minecraft:cobweb":31,"minecraft:black_dye":3,"minecraft:cake":31,"minecraft:nether_brick_stairs":7,"minecraft:white_wool":30,"minecraft:red_terracotta":1,"minecraft:comparator":97,"minecraft:redstone_lamp":110,"minecraft:deepslate_tile_stairs":43,"minecraft:warped_slab":2,"minecraft:enchanting_table":1,"minecraft:polished_andesite_stairs":10,"minecraft:black_shulker_box":1,"minecraft:painting":7,"minecraft:yellow_shulker_box":1,"minecraft:repeater":1816,"minecraft:mangrove_slab":9,"minecraft:sticky_piston":13,"minecraft:light_gray_concrete":166,"minecraft:oak_sign":255,"minecraft:creeper_head":6,"minecraft:cherry_pressure_plate":2,"minecraft:black_concrete_powder":266,"minecraft:dark_oak_stairs":8,"minecraft:light_weighted_pressure_plate":28,"minecraft:lantern":8,"minecraft:soul_lantern":5,"minecraft:pink_concrete":20,"minecraft:chiseled_tuff_bricks":2,"minecraft:exposed_cut_copper":1,"minecraft:red_carpet":28,"minecraft:blue_shulker_box":2,"minecraft:tinted_glass":180,"minecraft:red_concrete_powder":23,"minecraft:smooth_quartz":25,"minecraft:candle":7,"minecraft:jukebox":1,"minecraft:stone_pressure_plate":4,"minecraft:dried_ghast":2,"minecraft:item_frame":1744,"minecraft:white_shulker_box":6,"minecraft:yellow_dye":6,"minecraft:dark_oak_planks":4,"minecraft:glowstone":60,"minecraft:dirt":20,"minecraft:purple_shulker_box":2,"minecraft:cyan_shulker_box":2,"minecraft:spruce_planks":276,"minecraft:dark_oak_door":16,"minecraft:light":111,"minecraft:dispenser":4,"minecraft:polished_basalt":111,"minecraft:waxed_copper_bulb":2,"minecraft:nether_brick_fence":7,"minecraft:bamboo_mosaic_stairs":10,"minecraft:iron_trapdoor":55,"minecraft:spyglass":19,"minecraft:deepslate_tiles":96,"minecraft:red_candle":27,"minecraft:oak_planks":104,"minecraft:lime_shulker_box":11,"minecraft:purple_wool":104,"minecraft:dropper":2,"minecraft:quartz_stairs":95,"minecraft:trial_key":2,"minecraft:orange_shulker_box":1,"minecraft:purple_dye":2,"minecraft:white_terracotta":221,"minecraft:polished_deepslate_wall":98,"minecraft:observer":54,"minecraft:netherite_sword":92,"minecraft:tuff_stairs":1,"minecraft:waxed_chiseled_copper":2,"minecraft:spruce_stairs":130,"minecraft:mangrove_sign":107,"minecraft:red_concrete":741,"minecraft:creeper_spawn_egg":878,"minecraft:light_blue_shulker_box":2,"minecraft:command_block":3323,"minecraft:polished_tuff_wall":125,"minecraft:stripped_pale_oak_wood":1,"minecraft:magma_block":4,"minecraft:blast_furnace":15,"minecraft:tuff":15,"minecraft:lime_terracotta":1317,"minecraft:waxed_weathered_copper_bulb":3,"minecraft:polished_deepslate_stairs":46,"minecraft:waxed_weathered_chiseled_copper":7,"minecraft:hopper":8,"minecraft:polished_andesite":9,"minecraft:heavy_core":2,"minecraft:note_block":38,"minecraft:acacia_fence_gate":1,"minecraft:lime_dye":3,"minecraft:cut_red_sandstone":10,"minecraft:gold_block":76,"minecraft:black_glazed_terracotta":15,"minecraft:light_blue_dye":1,"minecraft:smooth_quartz_slab":84,"minecraft:blue_dye":1,"minecraft:white_dye":1,"minecraft:repeating_command_block":316,"minecraft:green_dye":2,"minecraft:wither_skeleton_skull":10,"minecraft:bell":1,"minecraft:exposed_chiseled_copper":9,"minecraft:deepslate_brick_wall":15,"minecraft:green_concrete":159,"minecraft:barrel":86,"minecraft:yellow_concrete":408,"minecraft:lever":35,"minecraft:dark_oak_slab":21,"minecraft:white_concrete":2692,"minecraft:mangrove_stairs":1,"minecraft:cyan_dye":1,"minecraft:stone_button":149,"minecraft:creaking_heart":2,"minecraft:spruce_button":2,"minecraft:dragon_egg":1,"minecraft:debug_stick":267,"minecraft:deepslate_brick_stairs":48,"minecraft:enderman_spawn_egg":1,"minecraft:chiseled_nether_bricks":4,"minecraft:oak_stairs":2,"minecraft:mangrove_button":2,"minecraft:smooth_quartz_stairs":38,"minecraft:redstone_torch":116,"minecraft:stripped_cherry_wood":4,"minecraft:birch_hanging_sign":9,"minecraft:flint_and_steel":32,"minecraft:mangrove_fence":14,"minecraft:lime_concrete":302,"minecraft:zombie_spawn_egg":1,"minecraft:brown_wool":342,"minecraft:polished_andesite_slab":76,"minecraft:heavy_weighted_pressure_plate":31,"minecraft:brown_shulker_box":1},"minecraft:killed":{"minecraft:zombie":1,"minecraft:skeleton":2,"minecraft:creeper":3,"minecraft:creaking":27,"minecraft:villager":13,"minecraft:vindicator":6,"minecraft:sniffer":1},"minecraft:picked_up":{"minecraft:light_blue_shulker_box":2,"minecraft:name_tag":3,"minecraft:gray_carpet":2,"minecraft:light_weighted_pressure_plate":2,"minecraft:stone_button":15,"minecraft:lever":1,"minecraft:lime_shulker_box":1,"minecraft:redstone":45,"minecraft:gray_shulker_box":1,"minecraft:red_shulker_box":1,"minecraft:bamboo_button":1,"minecraft:lantern":2,"minecraft:glass_pane":59,"minecraft:white_shulker_box":3,"minecraft:tipped_arrow":12,"minecraft:light_gray_shulker_box":1,"minecraft:ominous_bottle":1,"minecraft:mangrove_sign":2,"minecraft:black_shulker_box":1,"minecraft:white_concrete":1,"minecraft:cobweb":1,"minecraft:redstone_torch":1,"minecraft:painting":2,"minecraft:yellow_shulker_box":1,"minecraft:bow":1,"minecraft:repeater":6,"minecraft:orange_shulker_box":1,"minecraft:item_frame":33,"minecraft:red_candle":1,"minecraft:brown_shulker_box":1,"minecraft:oak_sign":1,"minecraft:wind_charge":2,"minecraft:crossbow":1,"minecraft:honeycomb":1,"minecraft:polished_blackstone_button":3,"minecraft:music_disc_lava_chicken":1,"minecraft:magenta_shulker_box":2,"minecraft:purple_shulker_box":2,"minecraft:cyan_shulker_box":3,"minecraft:filled_map":85,"minecraft:blue_shulker_box":2,"minecraft:green_shulker_box":3},"minecraft:dropped":{"minecraft:filled_map":5,"minecraft:name_tag":3,"minecraft:honeycomb":1,"minecraft:netherite_sword":1,"minecraft:grass_block":1,"minecraft:item_frame":6,"minecraft:cobweb":1,"minecraft:light_weighted_pressure_plate":1,"minecraft:lime_concrete":1,"minecraft:villager_spawn_egg":1,"minecraft:white_concrete":1,"minecraft:cyan_shulker_box":1,"minecraft:spruce_slab":1},"minecraft:mined":{"minecraft:fire":1}},"DataVersion":4440}