{"stats":{"minecraft:custom":{"minecraft:time_since_rest":7818,"minecraft:walk_one_cm":896004,"minecraft:leave_game":6,"minecraft:damage_taken":1373,"minecraft:damage_dealt":253,"minecraft:play_time":850834,"minecraft:jump":8007,"minecraft:time_since_death":7795,"minecraft:drop":16,"minecraft:open_barrel":2,"minecraft:sprint_one_cm":4533952,"minecraft:fall_one_cm":10703,"minecraft:total_world_time":850834,"minecraft:fly_one_cm":2515728,"minecraft:crouch_one_cm":5733,"minecraft:sneak_time":8992,"minecraft:deaths":87,"minecraft:damage_dealt_resisted":2048},"minecraft:used":{"minecraft:black_concrete":1,"minecraft:grass_block":2,"minecraft:deepslate_bricks":1,"minecraft:barrier":1,"minecraft:stripped_birch_log":5,"minecraft:glowstone":2,"minecraft:oak_planks":1,"minecraft:dirt":1,"minecraft:bedrock":1},"minecraft:picked_up":{"minecraft:stone_button":1},"minecraft:dropped":{"minecraft:bedrock":1,"minecraft:stripped_birch_log":1,"minecraft:birch_planks":12,"minecraft:grass_block":1,"minecraft:dirt":1}},"DataVersion":4440}