{"stats":{"minecraft:used":{"minecraft:polished_tuff":2,"minecraft:netherite_block":7,"minecraft:skeleton_skull":7,"minecraft:magenta_concrete":8,"minecraft:light_gray_dye":2,"minecraft:end_crystal":2,"minecraft:pale_oak_wood":275,"minecraft:campfire":19,"minecraft:red_shulker_box":1,"minecraft:bamboo_button":76,"minecraft:glass":208,"minecraft:black_terracotta":3,"minecraft:decorated_pot":9,"minecraft:azalea_leaves":3,"minecraft:polished_tuff_stairs":7,"minecraft:stripped_pale_oak_log":23,"minecraft:creaking_spawn_egg":36,"minecraft:blue_concrete":461,"minecraft:spruce_slab":283,"minecraft:stonecutter":1,"minecraft:barrier":115,"minecraft:cow_spawn_egg":1,"minecraft:armor_stand":57,"minecraft:cobbled_deepslate_stairs":74,"minecraft:lime_stained_glass":1,"minecraft:cobbled_deepslate":16,"minecraft:magenta_glazed_terracotta":51,"minecraft:dirt_path":48,"minecraft:mossy_cobblestone":10,"minecraft:deepslate_brick_slab":60,"minecraft:green_shulker_box":1,"minecraft:red_stained_glass":96,"minecraft:dark_oak_leaves":1,"minecraft:light_gray_banner":82,"minecraft:magenta_shulker_box":1,"minecraft:orange_dye":10,"minecraft:anvil":4,"minecraft:light_blue_stained_glass":42,"minecraft:redstone_block":1024,"minecraft:gray_banner":75,"minecraft:glow_ink_sac":17,"minecraft:light_blue_concrete":160,"minecraft:flower_pot":3,"minecraft:black_stained_glass":61,"minecraft:bedrock":8,"minecraft:yellow_banner":12,"minecraft:oak_fence":5,"minecraft:grass_block":340,"minecraft:honeycomb":19,"minecraft:chain_command_block":41,"minecraft:deepslate":437,"minecraft:polished_deepslate":767,"minecraft:chiseled_deepslate":11,"minecraft:orange_concrete":303,"minecraft:acacia_log":1,"minecraft:deepslate_bricks":296,"minecraft:gray_dye":1,"minecraft:orange_stained_glass":43,"minecraft:gray_stained_glass":25,"minecraft:redstone":3440,"minecraft:white_stained_glass":24,"minecraft:zombie_head":2,"minecraft:map":2,"minecraft:cobblestone":75,"minecraft:wooden_shovel":1,"minecraft:chain":35,"minecraft:spruce_trapdoor":8,"minecraft:red_dye":4,"minecraft:red_mushroom":1,"minecraft:target":23,"minecraft:piglin_head":3,"minecraft:brown_candle":10,"minecraft:soul_soil":1,"minecraft:black_concrete":902,"minecraft:spruce_log":107,"minecraft:gray_concrete":21,"minecraft:torch":11,"minecraft:brown_stained_glass":6,"minecraft:blackstone_stairs":1,"minecraft:cobblestone_stairs":1,"minecraft:yellow_terracotta":123,"minecraft:light_gray_candle":29,"minecraft:cobweb":75,"minecraft:jungle_leaves":2,"minecraft:nether_brick_wall":8,"minecraft:comparator":23,"minecraft:redstone_lamp":32,"minecraft:dark_oak_trapdoor":9,"minecraft:chest":25,"minecraft:brown_bed":2,"minecraft:enchanting_table":3,"minecraft:polished_andesite_stairs":1,"minecraft:gray_candle":332,"minecraft:painting":186,"minecraft:yellow_shulker_box":1,"minecraft:repeater":1379,"minecraft:player_head":12,"minecraft:iron_block":10,"minecraft:sticky_piston":20,"minecraft:light_gray_concrete":1167,"minecraft:creeper_head":2,"minecraft:black_concrete_powder":149,"minecraft:dark_oak_stairs":685,"minecraft:light_weighted_pressure_plate":26,"minecraft:lantern":8,"minecraft:short_grass":5,"minecraft:soul_lantern":9,"minecraft:pink_concrete":523,"minecraft:pale_oak_sign":209,"minecraft:red_carpet":200,"minecraft:tinted_glass":23,"minecraft:grindstone":4,"minecraft:smooth_quartz":629,"minecraft:mud_brick_wall":3,"minecraft:candle":8,"minecraft:jukebox":2,"minecraft:acacia_leaves":1,"minecraft:birch_leaves":2,"minecraft:netherrack":1,"minecraft:deepslate_diamond_ore":16,"minecraft:writable_book":3,"minecraft:bone_meal":191,"minecraft:item_frame":256,"minecraft:white_shulker_box":1,"minecraft:dark_oak_planks":3422,"minecraft:bamboo_mosaic":4,"minecraft:purple_shulker_box":4,"minecraft:obsidian":99,"minecraft:dark_oak_sign":24,"minecraft:spruce_leaves":750,"minecraft:cyan_shulker_box":1,"minecraft:spruce_planks":1213,"minecraft:oak_leaves":1,"minecraft:dark_oak_door":11,"minecraft:light":99,"minecraft:dispenser":7,"minecraft:iron_bars":12,"minecraft:polished_basalt":2,"minecraft:lectern":6,"minecraft:deepslate_tiles":187,"minecraft:orange_carpet":1,"minecraft:chiseled_bookshelf":2224,"minecraft:red_candle":325,"minecraft:oak_planks":6,"minecraft:lime_shulker_box":1,"minecraft:purple_wool":141,"minecraft:dropper":7,"minecraft:red_glazed_terracotta":97,"minecraft:orange_shulker_box":1,"minecraft:spruce_fence":37,"minecraft:polished_deepslate_wall":90,"minecraft:pink_shulker_box":1,"minecraft:observer":50,"minecraft:netherite_sword":71,"minecraft:tuff_stairs":7,"minecraft:spruce_stairs":114,"minecraft:red_concrete":1244,"minecraft:creeper_spawn_egg":257,"minecraft:light_blue_shulker_box":1,"minecraft:open_eyeblossom":2,"minecraft:closed_eyeblossom":9,"minecraft:yellow_stained_glass":86,"minecraft:bookshelf":5158,"minecraft:ladder":49,"minecraft:command_block":2630,"minecraft:polished_tuff_wall":6,"minecraft:dark_oak_fence":213,"minecraft:stripped_pale_oak_wood":2,"minecraft:tuff_wall":2,"minecraft:spruce_wood":34,"minecraft:brewing_stand":5,"minecraft:jack_o_lantern":2,"minecraft:piston":7,"minecraft:pearlescent_froglight":280,"minecraft:polished_deepslate_stairs":23,"minecraft:oak_slab":308,"minecraft:hopper":23,"minecraft:orange_banner":25,"minecraft:resin_block":1,"minecraft:heavy_core":3,"minecraft:blue_stained_glass":260,"minecraft:light_gray_stained_glass":76,"minecraft:lime_dye":2,"minecraft:white_bed":3,"minecraft:gold_block":1047,"minecraft:light_blue_dye":1,"minecraft:smooth_quartz_slab":210,"minecraft:white_dye":7,"minecraft:repeating_command_block":265,"minecraft:cyan_stained_glass":18,"minecraft:wither_skeleton_skull":2,"minecraft:bell":8,"minecraft:pale_oak_log":1138,"minecraft:deepslate_brick_wall":22,"minecraft:barrel":13,"minecraft:yellow_concrete":202,"minecraft:dark_oak_slab":86,"minecraft:white_concrete":548,"minecraft:stone_button":23,"minecraft:deepslate_brick_stairs":134,"minecraft:oak_stairs":426,"minecraft:smooth_quartz_stairs":182,"minecraft:redstone_torch":17,"minecraft:flint_and_steel":186,"minecraft:lime_concrete":734,"minecraft:slime_spawn_egg":1,"minecraft:spruce_sapling":41},"minecraft:killed_by":{"minecraft:skeleton":5,"minecraft:creaking":22,"minecraft:wither_skeleton":59},"minecraft:dropped":{"minecraft:redstone_block":5,"minecraft:polished_tuff":1,"minecraft:soul_soil":1,"minecraft:redstone":8,"minecraft:redstone_torch":1,"minecraft:blue_stained_glass":55,"minecraft:light_weighted_pressure_plate":1,"minecraft:lime_concrete":1,"minecraft:command_block":2,"minecraft:light_gray_concrete":1,"minecraft:diamond":3,"minecraft:orange_stained_glass":9,"minecraft:painting":64,"minecraft:creeper_spawn_egg":1},"minecraft:killed":{"minecraft:zombie":3,"minecraft:slime":5,"minecraft:skeleton":1,"minecraft:creeper":6,"minecraft:creaking":114,"minecraft:cow":1},"minecraft:picked_up":{"minecraft:dark_oak_slab":3,"minecraft:light_blue_shulker_box":1,"minecraft:music_disc_11":1,"minecraft:gray_candle":1,"minecraft:light_weighted_pressure_plate":2,"minecraft:stone_button":2,"minecraft:command_block":2,"minecraft:lime_shulker_box":1,"minecraft:bell":5,"minecraft:redstone":28,"minecraft:torch":1,"minecraft:dark_oak_sign":11,"minecraft:red_shulker_box":1,"minecraft:bamboo_button":15,"minecraft:blue_stained_glass":16,"minecraft:redstone_block":4,"minecraft:diamond":22,"minecraft:music_disc_stal":1,"minecraft:compass":1,"minecraft:light_gray_banner":39,"minecraft:white_shulker_box":1,"minecraft:pink_shulker_box":1,"minecraft:armor_stand":1,"minecraft:redstone_torch":1,"minecraft:painting":36,"minecraft:yellow_shulker_box":1,"minecraft:light_gray_concrete":1,"minecraft:orange_stained_glass":8,"minecraft:soul_lantern":3,"minecraft:yellow_banner":2,"minecraft:dark_oak_button":75,"minecraft:repeater":11,"minecraft:orange_shulker_box":1,"minecraft:red_carpet":41,"minecraft:orange_banner":6,"minecraft:gray_banner":17,"minecraft:lime_concrete":1,"minecraft:music_disc_mellohi":3,"minecraft:magenta_shulker_box":1,"minecraft:purple_shulker_box":3,"minecraft:cyan_shulker_box":1,"minecraft:dark_oak_door":3,"minecraft:green_shulker_box":1,"minecraft:comparator":1},"minecraft:custom":{"minecraft:time_since_rest":28812,"minecraft:leave_game":48,"minecraft:damage_taken":664920,"minecraft:mob_kills":139,"minecraft:open_shulker_box":14,"minecraft:time_since_death":28774,"minecraft:interact_with_brewingstand":3,"minecraft:sleep_in_bed":5,"minecraft:inspect_dispenser":109,"minecraft:total_world_time":5015423,"minecraft:crouch_one_cm":10629,"minecraft:pot_flower":8,"minecraft:deaths":138,"minecraft:climb_one_cm":50073,"minecraft:damage_dealt_resisted":6228,"minecraft:inspect_dropper":176,"minecraft:walk_one_cm":2837242,"minecraft:damage_dealt":3288,"minecraft:play_time":4510426,"minecraft:jump":22340,"minecraft:play_record":5,"minecraft:drop":90,"minecraft:bell_ring":186,"minecraft:open_barrel":173,"minecraft:sprint_one_cm":2789245,"minecraft:open_chest":24,"minecraft:inspect_hopper":1,"minecraft:fall_one_cm":105481,"minecraft:fly_one_cm":28567537,"minecraft:interact_with_anvil":2,"minecraft:sneak_time":205699}},"DataVersion":4325}